{
  "cells": {
    "BTCUSDT:30:Reversal Scalper": {
      "trades": 1533,
      "win_rate": 3.131115459882583,
      "avg_win_pct": 0.14823489235551174,
      "avg_loss_pct": -0.25564810964313933,
      "expectancy_pct": -0.24300206652772166,
      "profit_factor": 0.018742289433334464,
      "total_return_pct": -97.60257722218716,
      "max_drawdown_pct": -97.59636033337958,
      "sharpe": -82.56694447239371,
      "avg_bars_held": 6.1435094585779515,
      "sum_gross_pct": -65.92216798699725,
      "sum_fees_pct": 306.6000000000001,
      "sum_net_pct": -372.5221679869973,
      "avg_gross_pct": -0.04300206652772162,
      "avg_fee_pct": 0.20000000000000004,
      "walk_forward_expectancy_pct": [
        -0.232,
        -0.251,
        -0.254,
        -0.235
      ],
      "candles": 44000,
      "compute_s": 18.7
    },
    "ETHUSDT:30:Reversal Scalper": {
      "trades": 1446,
      "win_rate": 4.564315352697095,
      "avg_win_pct": 0.1924923763641555,
      "avg_loss_pct": -0.26353225026954286,
      "expectancy_pct": -0.24271784822402137,
      "profit_factor": 0.034933702122011565,
      "total_return_pct": -97.02662318085012,
      "max_drawdown_pct": -97.01911977104226,
      "sharpe": -64.03281336138967,
      "avg_bars_held": 5.841632088520055,
      "sum_gross_pct": -61.77000853193479,
      "sum_fees_pct": 289.2000000000001,
      "sum_net_pct": -350.9700085319349,
      "avg_gross_pct": -0.0427178482240213,
      "avg_fee_pct": 0.20000000000000004,
      "walk_forward_expectancy_pct": [
        -0.242,
        -0.245,
        -0.248,
        -0.237
      ],
      "candles": 44000,
      "compute_s": 19.4
    },
    "SOLUSDT:30:Reversal Scalper": {
      "trades": 1474,
      "win_rate": 6.445047489823609,
      "avg_win_pct": 0.21767002069441915,
      "avg_loss_pct": -0.2776664205425103,
      "expectancy_pct": -0.24574175167038798,
      "profit_factor": 0.05400507778460828,
      "total_return_pct": -97.34562077288464,
      "max_drawdown_pct": -97.33859831727749,
      "sharpe": -53.84597434373766,
      "avg_bars_held": 6.814789687924017,
      "sum_gross_pct": -67.42334196215181,
      "sum_fees_pct": 294.80000000000007,
      "sum_net_pct": -362.2233419621519,
      "avg_gross_pct": -0.04574175167038793,
      "avg_fee_pct": 0.20000000000000004,
      "walk_forward_expectancy_pct": [
        -0.239,
        -0.254,
        -0.247,
        -0.243
      ],
      "candles": 44000,
      "compute_s": 19.3
    },
    "BTCUSDT:90:Reversal Scalper": {
      "trades": 4364,
      "win_rate": 4.835013748854262,
      "avg_win_pct": 0.22293916307548567,
      "avg_loss_pct": -0.2652938093471046,
      "expectancy_pct": -0.24168767800403249,
      "profit_factor": 0.04269527103102383,
      "total_return_pct": -99.99741996637772,
      "max_drawdown_pct": -99.9974109077187,
      "sharpe": -104.50387177991763,
      "avg_bars_held": 5.966315307057745,
      "sum_gross_pct": -181.92502680959763,
      "sum_fees_pct": 872.8000000000002,
      "sum_net_pct": -1054.7250268095977,
      "avg_gross_pct": -0.041687678004032454,
      "avg_fee_pct": 0.20000000000000004,
      "walk_forward_expectancy_pct": [
        -0.248,
        -0.237,
        -0.235,
        -0.248
      ],
      "candles": 129600,
      "compute_s": 57.3
    },
    "ETHUSDT:90:Reversal Scalper": {
      "trades": 4359,
      "win_rate": 6.859371415462262,
      "avg_win_pct": 0.24095591368254368,
      "avg_loss_pct": -0.2749856810395465,
      "expectancy_pct": -0.2395953307706992,
      "profit_factor": 0.06453163433615405,
      "total_return_pct": -99.99714504531813,
      "max_drawdown_pct": -99.99713875056939,
      "sharpe": -86.08571065878623,
      "avg_bars_held": 5.572608396421198,
      "sum_gross_pct": -172.5960468294776,
      "sum_fees_pct": 871.8,
      "sum_net_pct": -1044.3960468294779,
      "avg_gross_pct": -0.03959533077069915,
      "avg_fee_pct": 0.2,
      "walk_forward_expectancy_pct": [
        -0.238,
        -0.234,
        -0.243,
        -0.243
      ],
      "candles": 129600,
      "compute_s": 59.0
    },
    "SOLUSDT:90:Reversal Scalper": {
      "trades": 4322,
      "win_rate": 8.236927348449791,
      "avg_win_pct": 0.27034467045412963,
      "avg_loss_pct": -0.2854598862222707,
      "expectancy_pct": -0.23967866868946217,
      "profit_factor": 0.08500999920344483,
      "total_return_pct": -99.99689731272548,
      "max_drawdown_pct": -99.99689775066622,
      "sharpe": -75.99766325396698,
      "avg_bars_held": 6.471309578898658,
      "sum_gross_pct": -171.4912060758552,
      "sum_fees_pct": 864.4,
      "sum_net_pct": -1035.8912060758553,
      "avg_gross_pct": -0.0396786686894621,
      "avg_fee_pct": 0.2,
      "walk_forward_expectancy_pct": [
        -0.231,
        -0.234,
        -0.245,
        -0.248
      ],
      "candles": 129600,
      "compute_s": 60.7
    },
    "BTCUSDT:180:Reversal Scalper": {
      "trades": 8679,
      "win_rate": 5.380804240119829,
      "avg_win_pct": 0.23034095069362645,
      "avg_loss_pct": -0.26992687548567124,
      "expectancy_pct": -0.2430084430826602,
      "profit_factor": 0.04852806417177789,
      "total_return_pct": -99.99999993328291,
      "max_drawdown_pct": -99.99999993308066,
      "sharpe": -138.63252732321942,
      "avg_bars_held": 6.001152206475401,
      "sum_gross_pct": -373.27027751440795,
      "sum_fees_pct": 1735.8,
      "sum_net_pct": -2109.070277514408,
      "avg_gross_pct": -0.043008443082660205,
      "avg_fee_pct": 0.2,
      "walk_forward_expectancy_pct": [
        -0.24,
        -0.249,
        -0.242,
        -0.241
      ],
      "candles": 259200,
      "compute_s": 113.8
    },
    "ETHUSDT:180:Reversal Scalper": {
      "trades": 8551,
      "win_rate": 7.379253888434101,
      "avg_win_pct": 0.2747858854159149,
      "avg_loss_pct": -0.28265991036057564,
      "expectancy_pct": -0.2415245697998265,
      "profit_factor": 0.0774523112163633,
      "total_return_pct": -99.99999989714725,
      "max_drawdown_pct": -99.99999989672591,
      "sharpe": -110.87621401737547,
      "avg_bars_held": 5.5475382996140805,
      "sum_gross_pct": -355.076596358316,
      "sum_fees_pct": 1710.2,
      "sum_net_pct": -2065.2765963583165,
      "avg_gross_pct": -0.04152456979982646,
      "avg_fee_pct": 0.2,
      "walk_forward_expectancy_pct": [
        -0.246,
        -0.24,
        -0.236,
        -0.244
      ],
      "candles": 259200,
      "compute_s": 118.0
    },
    "SOLUSDT:180:Reversal Scalper": {
      "trades": 8633,
      "win_rate": 9.278350515463918,
      "avg_win_pct": 0.27856783370373756,
      "avg_loss_pct": -0.2929480257045476,
      "expectancy_pct": -0.23992078101718084,
      "profit_factor": 0.09725237784012324,
      "total_return_pct": -99.99999990348944,
      "max_drawdown_pct": -99.99999990363796,
      "sharpe": -99.92063699081335,
      "avg_bars_held": 6.152669987258196,
      "sum_gross_pct": -344.63610252132196,
      "sum_fees_pct": 1726.6,
      "sum_net_pct": -2071.236102521322,
      "avg_gross_pct": -0.039920781017180815,
      "avg_fee_pct": 0.19999999999999996,
      "walk_forward_expectancy_pct": [
        -0.238,
        -0.242,
        -0.232,
        -0.248
      ],
      "candles": 259200,
      "compute_s": 55.8
    },
    "BTCUSDT:30:EMA_MACD_RSI_VOLUME_V2": {
      "trades": 262,
      "win_rate": 4.961832061068702,
      "avg_win_pct": 0.10620337759260053,
      "avg_loss_pct": -0.2631133653553498,
      "expectancy_pct": -0.24478848879686374,
      "profit_factor": 0.021073633587333853,
      "total_return_pct": -47.391994745672385,
      "max_drawdown_pct": -47.26032973611681,
      "sharpe": -34.79459608141794,
      "avg_bars_held": 2.33587786259542,
      "sum_gross_pct": -11.734584064778286,
      "sum_fees_pct": 52.40000000000001,
      "sum_net_pct": -64.1345840647783,
      "avg_gross_pct": -0.04478848879686369,
      "avg_fee_pct": 0.20000000000000004,